pdb,type
3CCX,Heme B
1EWH,Heme C
1YCC,Heme C
6U97,Heme B
1CCE,Heme B
1IQC,Heme C
1DRM,Heme B
1F1F,Heme C
4K8F,Heme B
1H9X,Heme C
2OYY,Heme B
451C,Heme B
1BE3,Heme CHeme B
1MZ4,Heme C
1CO6,Heme C
1A6K,Heme B
1CYO,Heme B
1AW3,Heme B
1LS9,Heme B
2PCB,Heme B
2V08,Heme C
1EHB,Heme B
351C,Heme B
1JP9,Heme B
2C1D,Heme C
1B5A,Heme B
5MCS,Heme C
1CCC,Heme B
1C2R,Heme C
1A6M,Heme B
1CXC,Heme C
1CCK,Heme B
1CTJ,Heme B
1JBQ,Heme B
1HRC,Heme C
1QPU,Heme B
1MOH,Heme B
1GU2,Heme C
1F1C,Heme C
1JP6,Heme B
1YNR,Heme C
1CRC,Heme C
2GSM,Heme A
1CNO,Heme C
1GIW,Heme C
4MU8,Heme C
1FJ0,Heme C
1A6G,Heme B
2HPD,Heme B
1EUE,Heme B
1JDL,Heme B
1CMT,Heme B
1EBT,Heme B
1HJT,Heme B
1CCG,Heme B
1VB6,Heme B
1CRY,Heme C
1DJ1,Heme B
3CU4,Heme B
1FLP,Heme B
1CYI,Heme C
1IO3,Heme C
1ES1,Heme B
1CYJ,Heme C
1C75,Heme C
1FHF,Heme B
1CMQ,Heme B
